filename,source_file,label,area_piksel,width,height
normal_001_biji1.jpg,normal_001,sehat,275.0,29,22
normal_001_biji2.jpg,normal_001,sehat,486.5,42,33
normal_002_biji1.jpg,normal_002,sehat,296.0,27,27
normal_002_biji2.jpg,normal_002,sehat,226.0,28,21
normal_002_biji3.jpg,normal_002,sehat,246.5,30,21
normal_002_biji4.jpg,normal_002,sehat,230.5,24,27
normal_003_biji1.jpg,normal_003,sehat,185.0,20,25
normal_004_biji1.jpg,normal_004,sehat,221.0,22,25
normal_004_biji2.jpg,normal_004,sehat,192.0,21,26
normal_004_biji3.jpg,normal_004,sehat,178.0,24,19
normal_004_biji4.jpg,normal_004,sehat,106.0,18,19
normal_004_biji5.jpg,normal_004,sehat,231.5,24,25
normal_005_biji1.jpg,normal_005,sehat,144.0,20,22
normal_005_biji2.jpg,normal_005,sehat,311.0,25,31
normal_005_biji3.jpg,normal_005,sehat,255.0,23,28
normal_006_biji1.jpg,normal_006,sehat,207.5,27,22
normal_007_biji1.jpg,normal_007,sehat,186.5,23,24
normal_008_biji1.jpg,normal_008,sehat,190.0,24,22
normal_009_biji1.jpg,normal_009,sehat,272.5,28,26
normal_010_biji1.jpg,normal_010,sehat,180.0,25,21
normal_011_biji1.jpg,normal_011,sehat,220.5,22,25
normal_012_biji1.jpg,normal_012,sehat,191.5,22,24
normal_013_biji1.jpg,normal_013,sehat,158.0,23,21
normal_014_biji1.jpg,normal_014,sehat,352.0,28,29
normal_015_biji1.jpg,normal_015,sehat,289.0,27,28
normal_016_biji1.jpg,normal_016,sehat,327.0,28,28
normal_017_biji1.jpg,normal_017,sehat,304.0,32,27
normal_018_biji1.jpg,normal_018,sehat,238.5,26,23
normal_019_biji1.jpg,normal_019,sehat,262.0,27,23
normal_020_biji1.jpg,normal_020,sehat,303.0,29,25
normal_021_biji1.jpg,normal_021,sehat,339.5,28,27
normal_022_biji1.jpg,normal_022,sehat,222.5,27,22
normal_023_biji1.jpg,normal_023,sehat,194.5,22,23
normal_024_biji1.jpg,normal_024,sehat,227.0,26,21
normal_025_biji1.jpg,normal_025,sehat,305.0,26,28
normal_026_biji1.jpg,normal_026,sehat,285.0,26,27
normal_027_biji1.jpg,normal_027,sehat,247.5,25,27
normal_028_biji1.jpg,normal_028,sehat,263.0,27,25
normal_029_biji1.jpg,normal_029,sehat,223.0,26,23
normal_030_biji1.jpg,normal_030,sehat,321.0,27,29
normal_033_biji1.jpg,normal_033,sehat,335.0,28,30
normal_033_biji2.jpg,normal_033,sehat,489.0,32,33
normal_033_biji3.jpg,normal_033,sehat,212.0,24,26
normal_033_biji4.jpg,normal_033,sehat,330.5,28,27
normal_033_biji5.jpg,normal_033,sehat,446.0,27,35
normal_033_biji6.jpg,normal_033,sehat,376.0,28,30
normal_034_biji1.jpg,normal_034,sehat,155.0,23,20
normal_034_biji2.jpg,normal_034,sehat,199.0,22,23
normal_034_biji3.jpg,normal_034,sehat,222.5,27,24
normal_034_biji4.jpg,normal_034,sehat,189.5,23,22
normal_034_biji5.jpg,normal_034,sehat,230.0,24,26
normal_034_biji6.jpg,normal_034,sehat,255.0,26,25
normal_034_biji7.jpg,normal_034,sehat,455.0,26,41
normal_034_biji8.jpg,normal_034,sehat,160.5,22,21
normal_034_biji9.jpg,normal_034,sehat,429.5,30,42
normal_034_biji10.jpg,normal_034,sehat,133.5,21,20
normal_034_biji11.jpg,normal_034,sehat,229.0,24,25
normal_034_biji12.jpg,normal_034,sehat,362.5,35,29
normal_034_biji13.jpg,normal_034,sehat,121.5,19,20
normal_034_biji14.jpg,normal_034,sehat,147.5,22,20
normal_034_biji15.jpg,normal_034,sehat,182.5,22,23
normal_035_biji1.jpg,normal_035,sehat,267.0,29,25
normal_035_biji2.jpg,normal_035,sehat,290.5,27,27
normal_035_biji3.jpg,normal_035,sehat,169.5,22,22
normal_035_biji4.jpg,normal_035,sehat,454.0,38,31
normal_035_biji5.jpg,normal_035,sehat,187.0,24,22
normal_035_biji6.jpg,normal_035,sehat,233.0,24,25
normal_036_biji1.jpg,normal_036,sehat,216.5,22,26
normal_036_biji2.jpg,normal_036,sehat,195.5,25,21
normal_036_biji3.jpg,normal_036,sehat,162.5,22,23
normal_036_biji4.jpg,normal_036,sehat,158.5,21,21
normal_036_biji5.jpg,normal_036,sehat,185.5,20,26
normal_036_biji6.jpg,normal_036,sehat,209.5,22,25
normal_036_biji7.jpg,normal_036,sehat,160.0,22,21
normal_036_biji8.jpg,normal_036,sehat,120.0,20,19
normal_037_biji1.jpg,normal_037,sehat,302.0,26,29
normal_037_biji2.jpg,normal_037,sehat,206.5,23,24
normal_037_biji3.jpg,normal_037,sehat,223.5,24,27
normal_037_biji4.jpg,normal_037,sehat,184.0,25,20
normal_038_biji1.jpg,normal_038,sehat,123.5,20,20
normal_038_biji2.jpg,normal_038,sehat,209.0,24,25
normal_038_biji3.jpg,normal_038,sehat,122.0,20,20
normal_038_biji4.jpg,normal_038,sehat,110.0,19,19
normal_038_biji5.jpg,normal_038,sehat,339.0,35,25
normal_039_biji1.jpg,normal_039,sehat,121.0,18,21
normal_039_biji2.jpg,normal_039,sehat,215.5,24,26
normal_039_biji3.jpg,normal_039,sehat,114.5,19,19
normal_039_biji4.jpg,normal_039,sehat,164.5,21,23
normal_039_biji5.jpg,normal_039,sehat,149.5,19,26
normal_039_biji6.jpg,normal_039,sehat,175.5,20,24
normal_039_biji7.jpg,normal_039,sehat,143.5,20,22
normal_040_biji1.jpg,normal_040,sehat,191.5,26,22
normal_040_biji2.jpg,normal_040,sehat,200.0,24,23
normal_041_biji1.jpg,normal_041,sehat,236.0,23,26
normal_041_biji2.jpg,normal_041,sehat,257.5,23,26
normal_041_biji3.jpg,normal_041,sehat,188.0,20,25
normal_041_biji4.jpg,normal_041,sehat,134.5,20,21
normal_041_biji5.jpg,normal_041,sehat,192.5,21,25
normal_041_biji6.jpg,normal_041,sehat,132.5,20,21
normal_041_biji7.jpg,normal_041,sehat,222.5,22,26
normal_042_biji1.jpg,normal_042,sehat,230.5,22,26
normal_042_biji2.jpg,normal_042,sehat,198.5,22,26
normal_042_biji3.jpg,normal_042,sehat,249.5,27,22
normal_042_biji4.jpg,normal_042,sehat,314.0,22,34
normal_042_biji5.jpg,normal_042,sehat,271.5,26,27
normal_043_biji1.jpg,normal_043,sehat,246.5,23,26
normal_043_biji2.jpg,normal_043,sehat,215.5,23,26
normal_043_biji3.jpg,normal_043,sehat,277.0,29,23
normal_043_biji4.jpg,normal_043,sehat,334.0,22,34
normal_043_biji5.jpg,normal_043,sehat,295.5,27,27
normal_044_biji1.jpg,normal_044,sehat,155.0,22,19
normal_044_biji2.jpg,normal_044,sehat,181.0,22,23
normal_044_biji3.jpg,normal_044,sehat,472.5,39,38
normal_044_biji4.jpg,normal_044,sehat,213.5,25,21
normal_044_biji5.jpg,normal_044,sehat,210.0,21,26
normal_044_biji6.jpg,normal_044,sehat,255.5,28,22
normal_044_biji7.jpg,normal_044,sehat,292.0,27,26
normal_044_biji8.jpg,normal_044,sehat,181.0,23,22
normal_044_biji9.jpg,normal_044,sehat,166.5,21,22
normal_045_biji1.jpg,normal_045,sehat,164.5,20,23
normal_045_biji2.jpg,normal_045,sehat,220.5,25,23
normal_045_biji3.jpg,normal_045,sehat,431.5,30,38
normal_045_biji4.jpg,normal_045,sehat,244.0,30,20
normal_045_biji5.jpg,normal_045,sehat,202.5,23,23
normal_045_biji6.jpg,normal_045,sehat,227.5,25,24
normal_045_biji7.jpg,normal_045,sehat,150.0,20,21
normal_045_biji8.jpg,normal_045,sehat,191.5,25,21
normal_045_biji9.jpg,normal_045,sehat,192.5,24,23
normal_045_biji10.jpg,normal_045,sehat,477.5,41,38
normal_045_biji11.jpg,normal_045,sehat,244.0,24,26
normal_045_biji12.jpg,normal_045,sehat,167.5,22,21
normal_046_biji1.jpg,normal_046,sehat,419.5,29,34
normal_047_biji1.jpg,normal_047,sehat,435.5,30,32
normal_047_biji2.jpg,normal_047,sehat,483.0,27,38
normal_047_biji3.jpg,normal_047,sehat,286.0,28,25
normal_048_biji1.jpg,normal_048,sehat,486.5,37,28
normal_049_biji1.jpg,normal_049,sehat,453.5,35,27
normal_050_biji1.jpg,normal_050,sehat,638.0,39,37
normal_050_biji2.jpg,normal_050,sehat,630.0,32,40
normal_050_biji3.jpg,normal_050,sehat,589.0,33,38
normal_050_biji4.jpg,normal_050,sehat,619.0,38,37
normal_051_biji1.jpg,normal_051,sehat,673.0,38,35
normal_052_biji1.jpg,normal_052,sehat,653.0,41,35
normal_053_biji1.jpg,normal_053,sehat,161.5,21,21
normal_079_biji2.jpg,normal_079,sehat,207.0,23,23
normal_129_biji1.jpg,normal_129,sehat,693.0,36,35
virus_050_biji1.jpg,virus_050,terkontaminasi,499.5,34,32
virus_051_biji1.jpg,virus_051,terkontaminasi,266.5,28,24
virus_051_biji2.jpg,virus_051,terkontaminasi,216.5,22,25
virus_051_biji3.jpg,virus_051,terkontaminasi,168.0,23,21
virus_051_biji4.jpg,virus_051,terkontaminasi,116.0,21,19
virus_051_biji5.jpg,virus_051,terkontaminasi,256.5,26,23
virus_051_biji6.jpg,virus_051,terkontaminasi,193.0,22,23
virus_053_biji1.jpg,virus_053,terkontaminasi,333.5,28,30
virus_053_biji2.jpg,virus_053,terkontaminasi,389.0,32,29
virus_053_biji3.jpg,virus_053,terkontaminasi,350.0,29,28
virus_065_biji1.jpg,virus_065,terkontaminasi,654.0,36,49
virus_080_biji1.jpg,virus_080,terkontaminasi,511.0,37,34
virus_081_biji1.jpg,virus_081,terkontaminasi,657.5,37,37
virus_084_biji1.jpg,virus_084,terkontaminasi,340.5,28,30
virus_084_biji2.jpg,virus_084,terkontaminasi,398.0,35,27
virus_084_biji3.jpg,virus_084,terkontaminasi,411.5,30,30
virus_084_biji4.jpg,virus_084,terkontaminasi,629.5,34,40
virus_084_biji5.jpg,virus_084,terkontaminasi,527.5,31,36
virus_084_biji6.jpg,virus_084,terkontaminasi,250.0,27,24
virus_087_biji1.jpg,virus_087,terkontaminasi,625.5,37,35
virus_089_biji1.jpg,virus_089,terkontaminasi,457.5,30,38
virus_091_biji1.jpg,virus_091,terkontaminasi,577.0,36,36
virus_091_biji2.jpg,virus_091,terkontaminasi,319.0,27,31
virus_091_biji3.jpg,virus_091,terkontaminasi,177.0,30,23
virus_091_biji4.jpg,virus_091,terkontaminasi,649.0,31,41
virus_091_biji5.jpg,virus_091,terkontaminasi,279.0,28,25
virus_091_biji6.jpg,virus_091,terkontaminasi,642.0,35,38
virus_091_biji7.jpg,virus_091,terkontaminasi,257.0,24,29
virus_092_biji1.jpg,virus_092,terkontaminasi,580.0,35,37
virus_092_biji2.jpg,virus_092,terkontaminasi,546.5,33,37
virus_092_biji3.jpg,virus_092,terkontaminasi,642.5,37,35
virus_093_biji1.jpg,virus_093,terkontaminasi,661.0,37,35
virus_096_biji1.jpg,virus_096,terkontaminasi,477.5,38,33
virus_097_biji1.jpg,virus_097,terkontaminasi,170.5,19,25
virus_097_biji2.jpg,virus_097,terkontaminasi,680.5,41,34
virus_097_biji3.jpg,virus_097,terkontaminasi,214.0,23,26
virus_097_biji4.jpg,virus_097,terkontaminasi,675.0,37,36
virus_098_biji1.jpg,virus_098,terkontaminasi,133.5,21,22
virus_098_biji2.jpg,virus_098,terkontaminasi,541.0,30,41
virus_100_biji1.jpg,virus_100,terkontaminasi,601.0,39,30
virus_100_biji2.jpg,virus_100,terkontaminasi,102.5,20,18
virus_100_biji3.jpg,virus_100,terkontaminasi,303.0,28,25
virus_100_biji4.jpg,virus_100,terkontaminasi,397.0,29,29
virus_100_biji5.jpg,virus_100,terkontaminasi,345.5,29,27
virus_100_biji6.jpg,virus_100,terkontaminasi,693.5,37,36
virus_100_biji7.jpg,virus_100,terkontaminasi,430.5,30,32
virus_100_biji8.jpg,virus_100,terkontaminasi,624.0,34,38
virus_100_biji9.jpg,virus_100,terkontaminasi,432.0,34,28
virus_102_biji1.jpg,virus_102,terkontaminasi,444.5,30,32
virus_102_biji2.jpg,virus_102,terkontaminasi,607.0,36,38
virus_103_biji1.jpg,virus_103,terkontaminasi,661.0,37,37
virus_103_biji2.jpg,virus_103,terkontaminasi,616.5,35,35
virus_103_biji3.jpg,virus_103,terkontaminasi,506.0,32,33
virus_103_biji4.jpg,virus_103,terkontaminasi,489.5,33,34
virus_104_biji1.jpg,virus_104,terkontaminasi,490.0,33,35
virus_105_biji1.jpg,virus_105,terkontaminasi,510.0,42,28
virus_105_biji2.jpg,virus_105,terkontaminasi,601.0,31,39
virus_105_biji3.jpg,virus_105,terkontaminasi,608.0,35,35
virus_105_biji4.jpg,virus_105,terkontaminasi,533.0,36,32
virus_105_biji5.jpg,virus_105,terkontaminasi,461.0,30,35
virus_105_biji6.jpg,virus_105,terkontaminasi,105.0,19,21
virus_105_biji7.jpg,virus_105,terkontaminasi,415.5,27,36
virus_106_biji1.jpg,virus_106,terkontaminasi,508.5,32,33
virus_106_biji2.jpg,virus_106,terkontaminasi,415.5,28,38
virus_106_biji3.jpg,virus_106,terkontaminasi,406.0,29,32
virus_107_biji1.jpg,virus_107,terkontaminasi,513.5,33,35
virus_107_biji2.jpg,virus_107,terkontaminasi,438.0,30,32
virus_107_biji3.jpg,virus_107,terkontaminasi,552.5,32,37
virus_107_biji4.jpg,virus_107,terkontaminasi,374.0,29,29
virus_108_biji1.jpg,virus_108,terkontaminasi,484.0,36,29
virus_108_biji2.jpg,virus_108,terkontaminasi,520.0,34,33
virus_108_biji3.jpg,virus_108,terkontaminasi,202.0,26,22
virus_108_biji4.jpg,virus_108,terkontaminasi,588.5,38,35
virus_108_biji5.jpg,virus_108,terkontaminasi,238.5,23,27
virus_108_biji6.jpg,virus_108,terkontaminasi,340.5,28,30
virus_108_biji7.jpg,virus_108,terkontaminasi,221.5,25,24
virus_108_biji8.jpg,virus_108,terkontaminasi,214.5,27,21
virus_108_biji9.jpg,virus_108,terkontaminasi,523.5,32,36
virus_108_biji10.jpg,virus_108,terkontaminasi,548.5,36,33
virus_108_biji11.jpg,virus_108,terkontaminasi,606.5,38,39
virus_109_biji1.jpg,virus_109,terkontaminasi,482.5,36,28
virus_109_biji2.jpg,virus_109,terkontaminasi,192.5,26,22
virus_109_biji3.jpg,virus_109,terkontaminasi,230.5,22,26
virus_109_biji4.jpg,virus_109,terkontaminasi,336.0,27,30
virus_109_biji5.jpg,virus_109,terkontaminasi,228.5,25,25
virus_109_biji6.jpg,virus_109,terkontaminasi,209.5,26,21
virus_109_biji7.jpg,virus_109,terkontaminasi,179.5,18,28
virus_109_biji8.jpg,virus_109,terkontaminasi,521.5,32,36
virus_109_biji9.jpg,virus_109,terkontaminasi,544.5,36,34
